_id,ï»¿username,password,nome,sobrenome,address,celular,tipo_usuario
5ec58b01814de331a3c32279,jmercado,test2020,Jorgito,Mercado,av.Guarapiranga,11973141485,Proprietario
5ec58b01814de331a3c3227a,hgoes,test2021,Henrique,Goes,av.pertodeCasa,11928282825,Proprietario
5ec58b01814de331a3c3227b,rsantos,test2022,Reinaldo,Santos,av.RuaLivre,11828282824,Proprietario
5ec58b01814de331a3c3227c,jsilva,test2023,Joao,Silva,av.evergreen,11626288822,Solicitante
5ec58b01814de331a3c3227d,msoares,test2024,Marcos,Soares,av.Free,false,Solicitante
5ec58b01814de331a3c3227e,edson,test2025,Edson,false,false,false,Solicitante
5ec58b01814de331a3c3227f,lmorais,test2026,Liliana,Morais,false,false,Solicitante
5ec6b8aa577cfa8540be3e53,,test2020,jorgex989817,Silva989829,av.Testingfying,11988989831,
5ec6bca0c2e82e79ecd4268e,,test2020,jorgex2920892,Silva920902,av.Testingfying,11988920904,
5ec6bd2bfa206b1e6c28b6eb,,test2020,jorgex2222276723,Silva276735,av.Testingfying,11988276738,
5ec6bdab56bc2a7d344f8a5d,,test2020,jorgex697722,Silva697749,av.Testingfying,11988697753,
5ec6be4267fe36b47eba6d91,,test2020,jorgex239959,Silva239968,av.Testingfying,11988239971,
5ec6be803bd4052d67acdc18,,test2020,jorgex655293,Silva655303,av.Testingfying,11988655306,
5ec6be8cfb8547fb03900881,,test2020,jorgex256118,Silva256145,av.Testingfying,11988256150,
5ec6bea321105e58e35bdc61,,test2020,jorgex672319,Silva672328,av.Testingfying,11988672331,
5ec6bf21cb3fa7c0ec63901f,,test2020,jorgex192448,Silva192461,av.Testingfying,11988192465,
5ec6bf34c1907e572610f046,,test2020,jorgex447788,Silva447803,av.Testingfying,11988447807,
5ec6bf497272280eb7da4bcf,,test2020,jorgito439273,Silva439289,av.Testingfying,11988439293,
5ec6c11669441074dd025f1d,,test2020,joao880301,Silva880310,av.Testingfying,11988880314,
5ec6c1f3ba86a285e10975bd,,test2020,joao362805,Silva362814,av.Testingfying,11988362816,
5ec6c220431ac367c1a31735,,test2020,joao169088,Silva169099,av.Testingfying,11988169101,
5ec6c24114cd5be8bd56cb89,,test2020,joao92745,Silva92758,av.Testingfying,1198892761,
5ec6c319a922b2fb69760715,,test2020,joao987246,Silva987258,av.Testingfying,11988987260,
5ec6c371c4d9aa0fce68b860,,test2020,joao40348,Silva40356,av.Testingfying,1198840358,
5ec6caf11a3543efd1e5d574,,test2020,Edson2,Silva164375,av.Testingfying,11988164410,
5ec6cb681a3543efd1e5d578,,test2020,Edson10,Silva765445,av.Testingfying,11988765453,
5ec6cbd58a3af30b87f282f0,,test2020,Edson11,Silva45315,av.Testingfying,1198845327,
5ec6cd2ae133546b74866aa5,,test2020,Edson12,Silva247012,av.Testingfying,11988247020,
5ec6cdb174297dc5c34cd3f2,,test2020,Edson13,Silva29074,av.Testingfying,1198829086,
5ec6cdcd750e35e57e7bd1b2,,test2020,Edson14,Silva925596,av.Testingfying,11988925605,
5ec6cff05166dd2fd0a835ab,,test2020,jorgito10,Silva153429,av.Testingfying,11988153438,
5ec6ebfe69ee0ddd8088a495,,test2020,ffff,Silva880860,av.Testingfying,11988880867,
5ec75cce10c0ea1f14cff473,,test2020,juancito,Silva41372,av.Testingfying,1198841380,
5ec75ce310c0ea1f14cff477,,test2020,juancito2,Silva440151,av.Testingfying,11988440159,
5ec777afa5cea299d8721d08,,test2020,maria3,Silva562667,av.Testingfying,11988562676,
5ec777cba5cea299d8721d0e,,test2020,maria5,Silva379463,av.Testingfying,11988379471,